original_column,mapped_column
CASEID            (i,d)_case_identification
V000,country_code_and_phase
V001,cluster_number
V002,household_number
V003,respondent's_line_number
V004,ultimate_area_unit
V005,women's_individual_sample_weig
V006,month_of_interview
V007,year_of_interview
V008,date_of_interview_(cmc)
V008A,date_of_interview_century_day
V009,respondent's_month_of_birth
V010,respondent's_year_of_birth
V011,date_of_birth_(cmc)
V012,respondent's_current_age
V013,age_in_5-year_groups
V014,completeness_of_age_informatio
V015,result_of_individual_interview
V016,day_of_interview
V017,cmc_start_of_calendar
V018,row_of_month_of_interview
V019,length_of_calendar
V019A,number_of_calendar_columns
V020,ever-married_sample
V021,primary_sampling_unit
V022,sample_strata_for_sampling_err
V023,stratification_used_in_sample
V024,state
V025,type_of_place_of_residence
V026,na_-_de_facto_place_of_residen
V027,number_of_visits
V028,interviewer_identification
V029,na_-_keyer_identification
V030,field_supervisor
V031,na_-_field_editor
V032,na_-_office_editor
V034,line_number_of_husband
V040,cluster_altitude_in_meters
V042,household_selected_for_hemoglo
V044,selected_for_domestic_violence
V045A,language_of_questionnaire
V045B,language_of_interview
V045C,native_language_of_respondent
V046,translator_used
V101,state
V102,type_of_place_of_residence
V103,na_-_childhood_place_of_reside
V104,years_lived_in_place_of_reside
V105,na_-_type_of_place_of_previous
V105A,na_-_region_of_previous_reside
V106,highest_educational_level
V107,highest_year_of_education
V113,source_of_drinking_water
V115,time_to_get_to_water_source
V116,type_of_toilet_facility
V119,household_has:_electricity
V120,household_has:_radio
V121,household_has:_television
V122,household_has:_refrigerator
V123,household_has:_bicycle
V124,household_has:_motorcycle/scoo
V125,household_has:_car/truck
V127,main_floor_material
V128,main_wall_material
V129,main_roof_material
V130,religion
V131,ethnicity
V133,education_in_single_years
V134,na_-_de_facto_place_of_residen
V135,usual_resident_or_visitor
V136,number_of_household_members_(l
V137,number_of_children_5_and_under
V138,number_of_eligible_women_in_ho
V139,de_jure_region_of_residence
V140,de_jure_type_of_place_of_resid
V141,na_-_de_jure_place_of_residenc
V149,educational_attainment
V150,relationship_to_household_head
V151,sex_of_household_head
V152,age_of_household_head
V153,household_has:_telephone_(land
AWFACTT,all_woman_factor_-_total
AWFACTU,all_woman_factor_-_urban/rural
AWFACTR,all_woman_factor_-_regional
AWFACTE,all_woman_factor_-_educational
AWFACTW,all_woman_factor_-_wealth_inde
V155,literacy
V156,na_-_ever_participated_in_a_li
V157,frequency_of_reading_newspaper
V158,frequency_of_listening_to_radi
V159,frequency_of_watching_televisi
V160,toilet_facilities_shared_with
V161,type_of_cooking_fuel
V166,na_-_result_of_salt_test_for_i
V167,na_-_number_of_trips_in_last_1
V168,away_for_more_than_one_month_i
V169A,owns_a_mobile_telephone
V169B,use_mobile_telephone_for_finan
V170,has_an_account_in_a_bank_or_ot
V171A,use_of_internet
V171B,na_-_frequency_of_using_intern
V190,wealth_index_combined
V191,wealth_index_factor_score_comb
V190A,wealth_index_for_urban/rural
V191A,wealth_index_factor_score_for
ML101,type_of_mosquito_bed_net(s)_sl
BIDX,birth_column_number
BORD,birth_order_number
B0,child_is_twin
B1,month_of_birth
B2,year_of_birth
B3,date_of_birth_(cmc)
B4,sex_of_child
B5,child_is_alive
B6,age_at_death
B7,"age_at_death_(months,_imputed)"
B8,current_age_of_child
B9,child_lives_with_whom
B10,completeness_of_information
B11,preceding_birth_interval_(mont
B12,succeeding_birth_interval_(mon
B13,flag_for_age_at_death
B15,live_birth_between_births
B16,child's_line_number_in_househo
B17,day_of_birth
B18,century_day_code_of_birth_(cdc
B19,current_age_of_child_in_months
B20,na_-_duration_of_pregnancy
V201,total_children_ever_born
V202,sons_at_home
V203,daughters_at_home
V204,sons_elsewhere
V205,daughters_elsewhere
V206,sons_who_have_died
V207,daughters_who_have_died
V208,births_in_last_five_years
V209,births_in_past_year
V210,births_in_month_of_interview
V211,date_of_first_birth_(cmc)
V212,age_of_respondent_at_1st_birth
V213,currently_pregnant
V214,duration_of_current_pregnancy
V215,time_since_last_menstrual_peri
V216,menstruated_in_last_six_weeks
V217,knowledge_of_ovulatory_cycle
V218,number_of_living_children
V219,living_children_+_current_preg
V220,living_children_+_current_preg
V221,marriage_to_first_birth_interv
V222,last_birth_to_interview_(month
V223,completeness_of_current_pregna
V224,entries_in_birth_history
V225,current_pregnancy_wanted
V226,time_since_last_period_(comp)
V227,flag_for_last_period
V228,ever_had_a_terminated_pregnanc
V229,month_pregnancy_ended
V230,year_pregnancy_ended
V231,cmc_pregnancy_ended
V232,completeness_of_last_terminati
V233,months_when_pregnancy_ended
V234,other_such_pregnancies
V235,index_last_child_prior_to_mate
V237,birth_between_last_and_intervi
V238,births_in_last_three_years
V239,pregnancies_terminated_before
V240,month_of_last_termination_prio
V241,year_of_last_termination_prior
V242,cmc_termination_ended_prior_to
V243,completeness_of_last_terminati
V244,na_-_can_women_get_pregnant_af
V301,knowledge_of_any_method
V302,na_-_ever_use_of_any_method
V302A,ever_used_anything_or_tried_to
V304A,type_of_method
V304,knows_method
V305,na_-_ever_used_method
V307,method_currently_used
V310,living_children_at_first_use
V311,children_at_first_use_(grouped
V312,current_contraceptive_method
V313,current_use_by_method_type
V315,month_of_start_of_use_of_metho
V316,year_of_start_of_use_of_method
V317,date_of_start_of_use_of_method
V318,completeness_of_information
V319,years_since_sterilization
V320,age_at_sterilization
V321,marital_duration_at_sterilizat
V322,parity_at_sterilization
V323,na_-_brand_of_pill_used
V323A,na_-_brand_of_condom_used
V325A,na_-_cost_of_current_method_(i
V326,last_source_for_current_users
V327,last_source_for_users_by_type
V337,months_of_use_of_current_metho
V359,last_method_discontinued_in_la
V360,reason_of_last_discontinuation
V361,pattern_of_use
V362,intention_to_use
V363,na_-_preferred_future_method
V364,contraceptive_use_and_intentio
V367,wanted_last_child
V372,na_-_shown_pill_package
V372A,na_-_shown_condom_package
V375A,na_-_main_reason_not_using_a_m
V376,na_-_main_reason_not_to_use_a
V376A,na_-_would_ever_use_method_if
V379,na_-_source_known_for_any_meth
V380,na_-_source_known_for_any_meth
V384A,heard_family_planning_on_radio
V384B,heard_family_planning_on_tv_la
V384C,heard_family_planning_in_newsp
V384D,na_-_heard_family_planning_by
V393,na_-_visited_by_fieldworker_in
V393A,na_-_did_fieldworker_talk_abou
V394,na_-_visited_health_facility_l
V395,"na_-_at_health_facility,_told"
V3A00A,source_of_family_planning_for
V3A00B,source_of_family_planning_for
V3A00C,source_of_family_planning_for
V3A00D,source_of_family_planning_for
V3A00E,source_of_family_planning_for
V3A00F,source_of_family_planning_for
V3A00G,source_of_family_planning_for
V3A00H,source_of_family_planning_for
V3A00I,source_of_family_planning_for
V3A00J,source_of_family_planning_for
V3A00K,source_of_family_planning_for
V3A00L,source_of_family_planning_for
V3A00M,source_of_family_planning_for
V3A00N,source_of_family_planning_for
V3A00O,source_of_family_planning_for
V3A00P,source_of_family_planning_for
V3A00Q,source_of_family_planning_for
V3A00R,source_of_family_planning_for
V3A00S,source_of_family_planning_for
V3A00T,source_of_family_planning_for
V3A00U,source_of_family_planning_for
V3A00V,source_of_family_planning_for
V3A00W,source_of_family_planning_for
V3A00X,source_of_family_planning_for
V3A00Y,source_of_family_planning_for
V3A00Z,source_of_family_planning_for
V3A01,told_sterilization_would_mean
V3A02,told_about_side_effects
V3A03,told_about_side_effects_by_hea
V3A04,told_how_to_deal_with_side_eff
V3A05,told_about_other_family_planni
V3A06,told_about_other_family_planni
V3A07,na_-_first_source_for_current
V3A08A,reason_not_using:_not_married
V3A08B,reason_not_using:_not_having_s
V3A08C,reason_not_using:_infrequent_s
V3A08D,reason_not_using:_menopausal/h
V3A08E,reason_not_using:_subfecund/in
V3A08F,reason_not_using:_postpartum_a
V3A08G,reason_not_using:_breastfeedin
V3A08H,reason_not_using:_fatalistic
V3A08I,reason_not_using:_respondent_o
V3A08J,reason_not_using:_husband/part
V3A08K,reason_not_using:_others_oppos
V3A08L,reason_not_using:_religious_pr
V3A08M,reason_not_using:_knows_no_met
V3A08N,reason_not_using:_knows_no_sou
V3A08O,na_-_reason_not_using:_health
V3A08P,reason_not_using:_fear_of_side
V3A08Q,reason_not_using:_lack_of_acce
V3A08R,reason_not_using:_costs_too_mu
V3A08S,reason_not_using:_inconvenient
V3A08T,reason_not_using:_interferes_w
V3A08U,reason_not_using:_don't_like_e
V3A08V,na_-_reason_not_using:_no_meth
V3A08W,reason_not_using:_hysterectomy
V3A08AA,reason_not_using:_menopausal
V3A08AB,na_-_reason_not_using:_cs
V3A08AC,na_-_reason_not_using:_cs
V3A08AD,na_-_reason_not_using:_cs
V3A08X,reason_not_using:_other
V3A08Z,reason_not_using:_don't_know
V3A09A,na_-_how_many_pill_cycles_did
V3A09B,na_-_how_many_condoms_did_get
MIDX,index_to_birth_history
M1,number_of_tetanus_injections_b
M1A,number_of_tetanus_injections_b
M1B,na_-_month_of_last_tetanus_inj
M1C,na_-_year_of_last_tetanus_inje
M1D,years_ago_received_last_tetanu
M1E,last_tetanus_injection_before
M2A,prenatal:_doctor
M2B,prenatal:_anm/nurse/midwife/lh
M2C,na_-_prenatal:_cs_health_profe
M2D,na_-_prenatal:_cs_health_profe
M2E,na_-_prenatal:_cs_health_profe
M2F,na_-_prenatal:_cs_health_profe
M2G,prenatal:_dai/traditional_birt
M2H,prenatal:_community/village_he
M2I,prenatal:_anganwadi/icds_worke
M2J,prenatal:_asha
M2K,prenatal:_other
M2L,na_-_prenatal:_cs_other
M2M,na_-_prenatal:_cs_other
M2N,prenatal:_no_one
M3A,assistance:_doctor
M3B,assistance:_anm/nurse/midwife/
M3C,assistance:_other_health_profe
M3D,na_-_assistance:_cs_health_pro
M3E,na_-_assistance:_cs_health_pro
M3F,na_-_assistance:_cs_health_pro
M3G,assistance:_dai/traditional_bi
M3H,assistance:_friend_/_relative
M3I,na_-_assistance:_cs_other_pers
M3J,na_-_assistance:_cs_other_pers
M3K,assistance:_other
M3L,na_-_assistance:_cs_other
M3M,na_-_assistance:_cs_other
M3N,assistance:_no_one
M4,duration_of_breastfeeding
M5,months_of_breastfeeding
M6,duration_of_amenorrhea
M7,months_of_amenorrhea
M8,duration_of_abstinence
M9,months_of_abstinence
M10,wanted_pregnancy_when_became_p
M11,desired_time_would_have_waited
M13,timing_of_1st_antenatal_check
M14,number_of_antenatal_visits_dur
M15,place_of_delivery
M17,delivery_by_caesarean_section
M17A,timing_on_decision_for_caesare
M18,size_of_child_at_birth
M19,birth_weight_in_kilograms_(3_d
M19A,weight_at_birth/recall
M27,flag_for_breastfeeding
M28,flag_for_amenorrhea
M29,flag_for_abstinence
M34,when_child_put_to_breast
M35,na_-_number_of_times_breastfed
M36,na_-_number_of_times_breastfed
M38,drank_from_bottle_with_nipple
M39A,"did_eat_any_solid,_semi-solid"
M39,"number_of_times_ate_solid,_sem"
M42A,during_pregnancy:_weighed
M42B,na_-_during_pregnancy:_height
M42C,during_pregnancy:_blood_pressu
M42D,during_pregnancy:_urine_sample
M42E,during_pregnancy:_blood_sample
M43,told_about_pregnancy_complicat
M44,told_where_to_go_for_pregnancy
M45,"during_pregnancy,_given_or_bou"
M46,days_tablets_or_syrup_taken
M47,"during_pregnancy,_had_difficul"
M48,"na_-_during_pregnancy,_had_dif"
M49A,na_-_during_pregnancy_took:_sp
M49B,na_-_during_pregnancy_took:_ch
M49C,na_-_during_pregnancy_took:_cs
M49D,na_-_during_pregnancy_took:_cs
M49E,na_-_during_pregnancy_took:_cs
M49F,na_-_during_pregnancy_took:_cs
M49G,na_-_during_pregnancy_took:_cs
M49X,na_-_during_pregnancy_took:_ot
M49Z,na_-_during_pregnancy_took:_do
M49Y,na_-_during_pregnancy_took:_no
M54,na_-_received_vitamin_a_dose_i
M55,given_child_anything_other_tha
M55A,"first_3_days,_given_milk_(othe"
M55B,"first_3_days,_given_plain_wate"
M55C,"first_3_days,_given_sugar/gluc"
M55D,"first_3_days,_given_gripe_wate"
M55E,"first_3_days,_given_sugar/salt"
M55F,"first_3_days,_given_fruit_juic"
M55G,"first_3_days,_given_infant_for"
M55H,"first_3_days,_given_tea/infusi"
M55I,"first_3_days,_given_honey"
M55J,"na_-_first_3_days,_given_coffe"
M55K,"first_3_days,_given_janam_ghut"
M55L,"na_-_first_3_days,_given_count"
M55M,"na_-_first_3_days,_given_count"
M55N,"na_-_first_3_days,_given_count"
M55O,"na_-_first_3_days,_given_count"
M55X,"first_3_days,_given_other"
M55Z,"first_3_days,_given_nothing"
M57A,antenatal_care:_respondent's_h
M57B,antenatal_care:_other_home
M57C,antenatal_care:_parents'_home
M57D,na_-_na_-_antenatal_care:_cs_h
M57E,antenatal_care:_public:_govt./
M57F,antenatal_care:_public:_govt.
M57G,antenatal_care:_public:_uhc/uh
M57H,antenatal_care:_public:_chc/ru
M57I,antenatal_care:_public:_phc/ad
M57J,antenatal_care:_public:_sub-ce
M57K,antenatal_care:_public:_anganw
M57L,antenatal_care:_public:_villag
M57M,antenatal_care:_private:_hospi
M57N,antenatal_care:_other_private
M57O,na_-_antenatal_care:_cs_privat
M57P,na_-_antenatal_care:_cs_privat
M57Q,na_-_antenatal_care:_cs_privat
M57R,na_-_antenatal_care:_cs_privat
M57S,antenatal_care:_other_public_s
M57T,antenatal_care:_ngo_or_trust_h
M57U,na_-_antenatal_care:_cs_other
M57V,na_-_antenatal_care:_cs_other
M57X,antenatal_care:_other
M60,drugs_for_intestinal_parasites
M61,time_spent_at_place_of_deliver
M62,respondent's_health_checked_be
M63,how_long_before_discharging_re
M64,who_checked_respondent_health
M65A,reason_didn't_deliver_at_healt
M65B,reason_didn't_deliver_at_healt
M65C,reason_didn't_deliver_at_healt
M65D,reason_didn't_deliver_at_healt
M65E,reason_didn't_deliver_at_healt
M65F,reason_didn't_deliver_at_healt
M65G,reason_didn't_deliver_at_healt
M65H,reason_didn't_deliver_at_healt
M65I,na_-_reason_didn't_deliver_at
M65J,na_-_reason_didn't_deliver_at
M65K,na_-_reason_didn't_deliver_at
M65L,na_-_reason_didn't_deliver_at
M65X,reason_didn't_deliver_at_healt
M66,respondent's_health_checked_af
M67,how_long_after_discharge/deliv
M68,who_checked_respondent_health
M69,where_respondent_check_after_d
M70,baby_postnatal_check_within_2
M71,time_after_delivery_postnatal
M72,person_who_performed_postnatal
M73,place_baby_was_first_checked
M74,child's_health_checked_before
M75,how_long_before_discharging_ch
M76,who_checked_child_health_befor
M77,was_child_put_on_mother's_ches
M78A,na_-_during_first_2_days_healt
M78B,na_-_during_first_2_days_healt
M78C,na_-_during_first_2_days_healt
M78D,na_-_during_first_2_days_healt
M78E,na_-_during_first_2_days_healt
M78F,na_-_during_first_2_days_healt
M78G,na_-_during_first_2_days_healt
M78H,na_-_during_first_2_days_healt
M78I,na_-_during_first_2_days_healt
M78J,na_-_during_first_2_days_healt
V401,last_birth_a_caesarean_section
V404,currently_breastfeeding
V405,currently_amenorrheic
V406,currently_abstaining
V407,na_-_number_of_times_breastfed
V408,na_-_number_of_times_breastfed
V409,gave_child_plain_water
V409A,na_-_gave_child_sugar_water
V410,gave_child_juice
V410A,na_-_gave_child_tea_or_coffee
V411,"gave_child_tinned,_powdered_or"
V411A,gave_child_baby_formula
V412,na_-_gave_child_fresh_milk
V412A,gave_child_fortified_baby_food
V412B,na_-_gave_child_other_porridge
V412C,gave_child_soup/clear_broth
V413,gave_child_other_liquid
V413A,na_-_gave_child_cs_liquid
V413B,na_-_gave_child_cs_liquid
V413C,na_-_gave_child_cs_liquid
V413D,na_-_gave_child_cs_liquid
V414A,"gave_child_any_chicken,_duck_o"
V414B,na_-_gave_child_cs_foods
V414C,na_-_gave_child_cs_foods
V414D,na_-_gave_child_cs_foods
V414E,"gave_child_bread,_noodles,_oth"
V414F,"gave_child_potatoes,_cassava,"
V414G,gave_child_eggs
V414H,"na_-_gave_child_meat_(beef,_po"
V414I,"gave_child_pumpkin,_carrots,_s"
V414J,gave_child_any_dark_green_leaf
V414K,"gave_child_mangoes,_papayas,_o"
V414L,gave_child_any_other_fruits
V414M,"gave_child_liver,_heart,_other"
V414N,gave_child_fish_or_shellfish
V414O,gave_child_food_made_from_bean
V414P,"gave_child_cheese,_yogurt,_oth"
V414Q,"na_-_gave_child_oil,_fats,_but"
V414R,"na_-_gave_child_chocolates,_sw"
V414S,gave_child_other_solid-semisol
V414T,gave_child_other_meat
V414U,na_-_gave_child_cs_foods
V414V,gave_child_yogurt
V414W,na_-_gave_child_cs_foods
V415,drank_from_bottle_with_nipple
V416,heard_of_oral_rehydration
V417,entries_in_pregnancy_and_postn
V418,entries_in_immunization_roster
V418A,entries_in_child_health_roster
V419,entries_in_height/weight_roste
V420,measurer's_code
V421,na_-_assistant_measurer's_code
V426,when_child_put_to_breast
V437,respondent's_weight_in_kilogra
V438,respondent's_height_in_centime
V439,height/age_percentile
V440,height/age_standard_deviation
V441,height/age_percent_ref._median
V442,weight/height_percent_ref._med
V443,weight/height_percent_ref._med
V444,weight/height_percent_ref._med
V444A,weight/height_standard_deviati
V445,body_mass_index
V446,rohrer's_index
V447,result_of_measurement_-_height
V447A,women's_age_in_years_(from_hou
V452A,under_age_18_(from_household_q
V452B,line_number_of_parent/caretake
V452C,read_consent_statement_-_hemog
V453,hemoglobin_level_(g/dl_-_1_dec
V454,currently_pregnant_(from_house
V455,result_of_measurement_-_hemogl
V456,hemoglobin_level_adjusted_for
V457,anemia_level
V458,na_-_agrees_to_referral_-_anem
V459,have_mosquito_bed_net_for_slee
V460,children_under_5_slept_under_m
V461,respondent_slept_under_mosquit
V462,na_-_washed_hands_before_prepa
V463A,smokes_cigarettes
V463B,smokes_pipe_full_of_tobacco
V463C,chews_tobacco
V463D,snuffs_by_nose
V463E,na_-_smokes_kreteks
V463F,"smokes_cigars,_cheroots_or_cig"
V463G,smokes_water_pipe/hookah
V463H,na_-_snuff_by_mouth
V463I,na_-_chews_betel_quid_with_tob
V463J,smokes/uses_gutkha_/_paan_masa
V463K,smokes/uses_khaini
V463L,smokes/uses_paan_with_tobacco
V463X,smokes/uses_other
V463Z,does_not_use_cigarettes_and_to
V463AA,frequency_smokes_cigarettes
V463AB,na_-_frequency_currently_uses
V464,number_of_cigarettes_in_last_2
V465,disposal_of_youngest_child's_s
V466,na_-_when_child_is_seriously_i
V467A,na_-_getting_medical_help_for
V467B,getting_medical_help_for_self1
V467C,getting_medical_help_for_self2
V467D,getting_medical_help_for_self3
V467E,getting_medical_help_for_self4
V467F,getting_medical_help_for_self5
V467G,getting_medical_help_for_self6
V467H,getting_medical_help_for_self7
V467I,getting_medical_help_for_self8
V467J,na_-_getting_medical_help_for
V467K,na_-_getting_medical_help_for
V467L,na_-_getting_medical_help_for
V467M,na_-_getting_medical_help_for
V468,record_for_last_birth
V469E,times_gave_child_powdered/tinn
V469F,times_gave_child_infant_formul
V469X,times_gave_child_yogurt
V471A,"na_-_mother_had_tinned,_powder"
V471B,na_-_mother_had_tea_or_coffee
V471C,na_-_mother_had_any_other_liqu
V471D,na_-_mother_had_cs_liquid
V471E,na_-_mother_had_cs_liquid
V471F,na_-_mother_had_cs_liquid
V471G,na_-_mother_had_cs_liquid
V472A,na_-_mother_had_cs_foods
V472B,na_-_mother_had_cs_foods
V472C,na_-_mother_had_cs_foods
V472D,na_-_mother_had_cs_foods
V472E,"na_-_mother_had_bread,_noodles"
V472F,"na_-_mother_had_potatoes,_cass"
V472G,na_-_mother_had_eggs
V472H,"na_-_mother_had_meat_(beef,_po"
V472I,"na_-_mother_had_pumpkin,_carro"
V472J,na_-_mother_had_any_dark_green
V472K,"na_-_mother_had_mangoes,_papay"
V472L,na_-_mother_had_any_other_frui
V472M,"na_-_mother_had_liver,_heart,"
V472N,na_-_mother_had_fish_or_shellf
V472O,na_-_mother_had_food_made_from
V472P,"na_-_mother_had_cheese,_yogurt"
V472Q,"na_-_mother_had_oil,_fats,_but"
V472R,"na_-_mother_had_chocolates,_sw"
V472S,na_-_mother_had_other_solid-se
V472T,na_-_mother_had_cs_foods
V472U,na_-_mother_had_cs_foods
V473A,read_consent_statement_-_hiv
V473B,result_of_measurement_-_hiv
V474,heard_of_tuberculosis_or_tb
V474A,tuberculosis_spread_by:_air_wh
V474B,tuberculosis_spread_by:_sharin
V474C,tuberculosis_spread_by:_touchi
V474D,tuberculosis_spread_by:_food
V474E,tuberculosis_spread_by:_sexual
V474F,tuberculosis_spread_by:_mosqui
V474G,na_-_tuberculosis_spread_by:_c
V474H,na_-_tuberculosis_spread_by:_c
V474I,na_-_tuberculosis_spread_by:_c
V474J,na_-_tuberculosis_spread_by:_c
V474X,tuberculosis_spread_by:_other
V474Z,tuberculosis_spread_by:_don't
V475,tuberculosis_can_be_cured
V476,keep_secret_when_family_member
V477,number_of_injections_in_last_1
V478,na_-_number_of_injections_admi
V479,na_-_place_of_injection_by_hea
V480,"syringe_and_needle_from_new,_u"
V481,covered_by_health_insurance
V481A,health_insurance_type:_employe
V481B,health_insurance_type:_central
V481C,health_insurance_type:_state_h
V481D,health_insurance_type:_rashtri
V481E,health_insurance_type:_communi
V481F,health_insurance_type:_other_h
V481G,health_insurance_type:_medical
V481H,health_insurance_type:_other_p
V481X,health_insurance_type:_other
V482A,na_-_arrange_care_of_biologica
V482B,na_-_primary_caregiver_of_chil
V482C,na_-_arrange_care_of_non-biolo
HIDX,index_to_birth_history
H1,has_health_card
H1A,has_health_card_and_or_other_v
H2,received_bcg
H2D,bcg_day
H2M,bcg_month
H2Y,bcg_year
H3,received_dpt_1
H3D,dpt_1_day
H3M,dpt_1_month
H3Y,dpt_1_year
H4,received_polio_1
H4D,polio_1_day
H4M,polio_1_month
H4Y,polio_1_year
H5,received_dpt_2
H5D,dpt_2_day
H5M,dpt_2_month
H5Y,dpt_2_year
H6,received_polio_2
H6D,polio_2_day
H6M,polio_2_month
H6Y,polio_2_year
H7,received_dpt_3
H7D,dpt_3_day
H7M,dpt_3_month
H7Y,dpt_3_year
H8,received_polio_3
H8D,polio_3_day
H8M,polio_3_month
H8Y,polio_3_year
H9,received_measles_1
H9D,measles_1_day
H9M,measles_1_month
H9Y,measles_1_year
H9A,received_measles_2
H9AD,measles_2_day
H9AM,measles_2_month
H9AY,measles_2_year
H0,received_polio_0
H0D,polio_0_day
H0M,polio_0_month
H0Y,polio_0_year
H10,ever_had_vaccination
H33,received_vitamin_a1_(most_rece
H33D,vitamin_a1_day
H33M,vitamin_a1_month
H33Y,vitamin_a1_year
H35,na_-_any_vaccinations_in_last
H36A,na_-_vaccinated_during_campaig
H36B,na_-_vaccinated_during_campaig
H36C,na_-_vaccinated_during_campaig
H36D,na_-_vaccinated_during_campaig
H36E,na_-_vaccinated_during_campaig
H36F,na_-_vaccinated_during_campaig
H40,received_vitamin_a2_(2nd_most
H40D,vitamin_a2_day
H40M,vitamin_a2_month
H40Y,vitamin_a2_year
H41A,na_-_received_vitamin_a_after
H41B,na_-_ever_received_vitamin_a_d
H50,received_hepatitis_b_at_birth
H50D,hepatitis_b_at_birth_day
H50M,hepatitis_b_at_birth_month
H50Y,hepatitis_b_at_birth_year
H51,received_pentavalent_1
H51D,pentavalent_1_day
H51M,pentavalent_1_month
H51Y,pentavalent_1_year
H52,received_pentavalent_2
H52D,pentavalent_2_day
H52M,pentavalent_2_month
H52Y,pentavalent_2_year
H53,received_pentavalent_3
H53D,pentavalent_3_day
H53M,pentavalent_3_month
H53Y,pentavalent_3_year
H54,na_-_received_pneumococcal_1
H54D,na_-_pneumococcal_1_day
H54M,na_-_pneumococcal_1_month
H54Y,na_-_pneumococcal_1_year
H55,na_-_received_pneumococcal_2
H55D,na_-_pneumococcal_2_day
H55M,na_-_pneumococcal_2_month
H55Y,na_-_pneumococcal_2_year
H56,na_-_received_pneumococcal_3
H56D,na_-_pneumococcal_3_day
H56M,na_-_pneumococcal_3_month
H56Y,na_-_pneumococcal_3_year
H57,received_rotavirus_1
H57D,rotavirus_1_day
H57M,rotavirus_1_month
H57Y,rotavirus_1_year
H58,received_rotavirus_2
H58D,rotavirus_2_day
H58M,rotavirus_2_month
H58Y,rotavirus_2_year
H59,received_rotavirus_3
H59D,rotavirus_3_day
H59M,rotavirus_3_month
H59Y,rotavirus_3_year
H60,na_-_received_polio_inactive
H60D,na_-_polio_inactive_day
H60M,na_-_polio_inactive_month
H60Y,na_-_polio_inactive_year
H61,received_hepatitis_b_1
H61D,hepatitis_b_1_day
H61M,hepatitis_b_1_month
H61Y,hepatitis_b_1_year
H62,received_hepatitis_b_2
H62D,hepatitis_b_2_day
H62M,hepatitis_b_2_month
H62Y,hepatitis_b_2_year
H63,received_hepatitis_b_3
H63D,hepatitis_b_3_day
H63M,hepatitis_b_3_month
H63Y,hepatitis_b_3_year
H64,na_-_received_hib_1
H64D,na_-_hib_1_day
H64M,na_-_hib_1_month
H64Y,na_-_hib_1_year
H65,na_-_received_hib_2
H65D,na_-_hib_2_day
H65M,na_-_hib_2_month
H65Y,na_-_hib_2_year
H66,na_-_received_hib_3
H66D,na_-_hib_3_day
H66M,na_-_hib_3_month
H66Y,na_-_hib_3_year
H80A,na_-_in_the_last_7_days_given:
H80B,na_-_in_the_last_7_days_given:
H80C,na_-_in_the_last_7_days_given:
H80D,na_-_in_the_last_7_days_given:
H80E,na_-_in_the_last_7_days_given:
H80F,na_-_in_the_last_7_days_given:
H80G,na_-_in_the_last_7_days_given:
HIDXA,index_to_birth_history
H11,had_diarrhea_recently
H11B,blood_in_the_stools
H12A,diarrhea:_government_hospital
H12B,diarrhea:_ayush
H12C,diarrhea:_government_dispensar
H12D,diarrhea:_uhc_/_uhp_/_ufwc
H12E,diarrhea:_chc_/_rural_hospital
H12F,diarrhea:_phc_/_additional_phc
H12G,diarrhea:_sub-centre_/_anm
H12H,diarrhea:_govt._mobile_clinic
H12I,diarrhea:_other_public_health
H12J,diarrhea:_private_hospital/cli
H12K,diarrhea:_private_pharmacy
H12L,diarrhea:_private_doctor
H12M,diarrhea:_private_paramedic
H12N,diarrhea:_private_ayush
H12O,na_-_diarrhea:_cs_private_medi
H12P,na_-_diarrhea:_cs_private_medi
H12Q,na_-_diarrhea:_cs_private_medi
H12R,diarrhea:_other_private_health
H12S,diarrhea:_shop
H12T,diarrhea:_friend_/_relative
H12U,diarrhea:_ngo_or_trust_hospita
H12V,diarrhea:_public_camp
H12W,diarrhea:_public_anganwadi_/_i
H12X,diarrhea:_other
H12Y,diarrhea:_no_treatment
H12Z,diarrhea:_medical_treatment
H13,given_oral_rehydration
H13B,na_-_given_pre-packaged_ors_li
H14,given_recommended_home_solutio
H15,given_antibiotic_pills_or_syru
H15A,given_antimotility
H15B,given_antibiotic_injection
H15C,given_intravenous_(iv)
H15D,"given_home_remedy,_herbal_medi"
H15E,given_zinc
H15F,"given_other_(not_antibiotic,_a"
H15G,given_unknown_pill_or_syrup
H15H,given_non-antibiotic_injection
H15I,given_unknown_injection
H15J,na_-_given_cs
H15K,na_-_given_cs
H15L,na_-_given_cs
H15M,na_-_given_cs
H20,given_other_treatment
H21A,given_no_treatment
H21,received_any_treatment
H22,had_fever_in_last_two_weeks
H31,had_cough_in_last_two_weeks
H31B,"short,_rapid_breaths"
H31C,problem_in_the_chest_or_blocke
H31D,had_fever/cough_in_last_2_week
H31E,had_fever/cough_in_last_2_week
H32A,fever/cough:_government_hospit
H32B,fever/cough:_public_ayush
H32C,fever/cough:_government_dispen
H32D,fever/cough:_uhc_/_uhp_/_ufwc
H32E,fever/cough:_chc_/_rural_hospi
H32F,fever/cough:_phc_/_additional
H32G,fever/cough:_sub-center_/_anm
H32H,fever/cough:_government_mobile
H32I,fever/cough:_other_public_sect
H32J,fever/cough:_private_hospital/
H32K,fever/cough:_private_pharmacy
H32L,fever/cough:_private_doctor
H32M,fever/cough:_private_paramedic
H32N,fever/cough:_private_ayush
H32O,na_-_fever/cough:_cs_private_m
H32P,na_-_fever/cough:_cs_private_m
H32Q,na_-_fever/cough:_cs_private_m
H32R,fever/cough:_other_private_hea
H32S,fever/cough:_shop
H32T,fever/cough:_traditional_heale
H32U,fever/cough:_friend_/_relative
H32V,fever/cough:_ngo_or_trust_hosp
H32W,fever/cough:_public_camp
H32X,fever/cough:_other
H32Y,fever/cough:_no_treatment
H32Z,fever/cough:_medical_treatment
H34,vitamin_a_in_last_6_months
H37A,na_-_sp/fansidar_taken_for_fev
H37B,na_-_chloroquine_taken_for_fev
H37C,na_-_amodiaquine_taken_for_fev
H37D,na_-_quinine_taken_for_fever
H37DA,na_-_quinine_injection/iv_take
H37E,na_-_combination_with_artemisi
H37AA,na_-_artesunate_rectal_taken_f
H37AB,na_-_artesunate_injection/iv_t
H37F,na_-_primaquine_for_fever
H37G,na_-_quinine_taken_for_fever
H37H,na_-_other_antimalarial_taken
H37I,na_-_antibiotic_pill/syrup_tak
H37J,na_-_antibiotic_injection_take
H37K,na_-_aspirin_taken_for_fever
H37L,na_-_acetaminophen/paracetamol
H37M,na_-_ibuprofen_taken_for_fever
H37N,na_-_unknown_anti-malaria_take
H37O,na_-_antibiotic_for_fever/coug
H37P,na_-_cs_other_for_fever/cough
H37X,na_-_other_taken_for_fever
H37Y,na_-_nothing_taken_and_didn't
H37Z,na_-_don't_know_if_or_what_was
H38,diarrhea_in_last_2_weeks:_amou
H39,diarrhea_in_last_2_weeks:_amou
H42,"taking_iron_pills,_sprinkles_o"
H43,drugs_for_intestinal_parasites
H44A,place_first_sought_treatment_f
H44B,days_after_diarrhea_sought_adv
H44C,na_-_still_has_diarrhea
H45,na_-_times_zinc_was_given
H46A,place_first_sought_treatment_f
H46B,number_of_days_after_fever_beg
H47,blood_taken_from_child's_finge
HWIDX,index_to_birth_history
HW1,child's_age_in_months
HW2,child's_weight_in_kilograms_(1
HW3,child's_height_in_centimeters
HW4,height/age_percentile
HW5,height/age_standard_deviation
HW6,height/age_percent_of_ref._med
HW7,weight/age_percentile
HW8,weight/age_standard_deviation
HW9,weight/age_percent_of_ref._med
HW10,weight/height_percentile
HW11,weight/height_standard_deviati
HW12,weight/height_percent_of_ref.
HW13,result_of_measurement_-_height
HW15,height:_lying_or_standing
HW16,day_of_birth_of_child
HW17,date_measured_(day)
HW18,date_measured_(month)
HW19,date_measured_(year)
HW51,line_number_of_parent/caretake
HW52,read_consent_statement_-_hemog
HW53,hemoglobin_level_(g/dl_-_1_dec
HW55,result_of_measurement_-_hemogl
HW56,hemoglobin_level_adjusted_for
HW57,anemia_level
HW58,na_-_agrees_to_referral_-_anem
HW70,height/age_standard_deviation
HW71,weight/age_standard_deviation
HW72,weight/height_standard_deviati
HW73,bmi_standard_deviation_(new_wh
V501,current_marital_status
V502,currently/formerly/never_in_un
V503,number_of_unions
V504,currently_residing_with_husban
V505,number_of_other_wives
V506,na_-_respondent's_rank_among_w
V507,month_of_first_cohabitation
V508,year_of_first_cohabitation
V509,date_of_first_cohabitation_(cm
V510,completeness_of_date_informati
V511,age_at_first_cohabitation
V512,years_since_first_cohabitation
V513,cohabitation_duration_(grouped
V525,age_at_first_sex
V527,time_since_last_sex
V528,time_since_last_sex_(in_days)
V529,time_since_last_sex_(in_months
V530,flag_for_v529
V531,age_at_first_sex_(imputed)
V532,flag_for_v531
V535,ever_been_married_or_in_union
V536,recent_sexual_activity
V537,months_of_abstinence
V538,na_-_how_previous_marriage_or
V539,na_-_person_who_received_most
V540,na_-_respondent_received_any_o
V541,na_-_intends_to_wait_until_mar
V602,fertility_preference
V603,preferred_waiting_time_for_bir
V604,preferred_waiting_time_for_bir
V605,desire_for_more_children
V613,ideal_number_of_children
V614,ideal_number_of_children_(grou
V616,time_for_future_birth
V621,husband's_desire_for_children
V623,exposure
V624,unmet_need
V625,exposure_(definition_2)
V626,unmet_need_(definition_2)
V625A,exposure_to_need_for_contracep
V626A,unmet_need_for_contraception_(
V627,ideal_number_of_boys
V628,ideal_number_of_girls
V629,ideal_number_of_either_sex
V631,na_-_problem_if_became_pregnan
V632,decision_maker_for_using_contr
V632A,na_-_decision_maker_for_not_us
V633A,reason_for_not_having_sex:_hus
V633B,reason_for_not_having_sex:_hus
V633C,na_-_reason_for_not_having_sex
V633D,reason_for_not_having_sex:_tir
V633E,na_-_reason_for_not_having_sex
V633F,na_-_reason_for_not_having_sex
V633G,na_-_reason_for_not_having_sex
V634,na_-_husband_knows_that_respon
V701,husband/partner's_education_le
V702,husband/partner's_highest_year
V704,husband/partner's_occupation
V704A,husband/partner_worked_in_last
V705,husband/partner's_occupation_(
V714,respondent_currently_working
V714A,"respondent_has_a_job,_but_curr"
V715,husband/partner's_total_number
V716,respondent's_occupation
V717,respondent's_occupation_(group
V719,"respondent_works_for_family,_o"
V721,na_-_respondent_works_at_home
V729,husband/partner's_educational
V730,husband/partner's_age
V731,respondent_worked_in_last_12_m
V732,respondent_employed_all_year/s
V739,person_who_usually_decides_how
V740,na_-_type_of_land_where_respon
V741,type_of_earnings_from_responde
V743A,person_who_usually_decides_on
V743B,person_who_usually_decides_on
V743C,na_-_person_who_usually_decide
V743D,person_who_usually_decides_on
V743E,na_-_person_who_usually_decide
V743F,person_who_usually_decides_wha
V744A,beating_justified_if_wife_goes
V744B,beating_justified_if_wife_negl
V744C,beating_justified_if_wife_argu
V744D,beating_justified_if_wife_refu
V744E,beating_justified_if_wife_burn
V745A,owns_a_house_alone_or_jointly
V745B,owns_land_alone_or_jointly
V745C,na_-_title_deed_on_house_own_b
V745D,na_-_title_deed_on_land_own_by
V746,respondent_earns_more_than_hus
V750,ever_heard_of_a_sexually_trans
V751,ever_heard_of_aids
V754BP,na_-_reduce_risk_of_getting_hi
V754CP,reduce_risk_of_getting_hiv:_al
V754DP,reduce_risk_of_getting_hiv:_ha
V754JP,can_get_hiv_from_mosquito_bite
V754WP,can_get_hiv_by_sharing_food_wi
V756,a_healthy_looking_person_can_h
V761,condom_used_during_last_sex_wi
V761B,condom_used_during_last_sex_wi
V761C,na_-_condom_used_during_last_s
V762,na_-_source_of_condoms_used_fo
V762A,na_-_brand_of_condom_used_for
V762AA,source_for_condoms:_government
V762AB,source_for_condoms:_public_ayu
V762AC,source_for_condoms:_government
V762AD,source_for_condoms:_uhc_/_uhp/
V762AE,source_for_condoms:_chc_/_rura
V762AF,source_for_condoms:_phc_/_addi
V762AG,source_for_condoms:_sub-center
V762AH,source_for_condoms:_government
V762AI,source_for_condoms:_other_publ
V762AJ,source_for_condoms:_private_ho
V762AK,source_for_condoms:_pharmacy_/
V762AL,na_-_source_for_condoms:_priva
V762AM,source_for_condoms:_private_mo
V762AN,source_for_condoms:_private_ay
V762AO,source_for_condoms:_private_tr
V762AP,source_for_condoms:_private_pa
V762AQ,source_for_condoms:_private_da
V762AR,source_for_condoms:_other_priv
V762AS,source_for_condoms:_ration_sho
V762AT,source_for_condoms:_other_shop
V762AU,source_for_condoms:_vending_ma
V762AV,source_for_condoms:_ngo_or_tru
V762AW,na_-_source_for_condoms:_cs_ot
V762AX,source_for_condoms:_other
V762AZ,don't_know_any_source_for_cond
V762BA,na_-_source_for_female_condoms
V762BB,na_-_source_for_female_condoms
V762BC,na_-_source_for_female_condoms
V762BD,na_-_source_for_female_condoms
V762BE,na_-_source_for_female_condoms
V762BF,na_-_source_for_female_condoms
V762BG,na_-_source_for_female_condoms
V762BH,na_-_source_for_female_condoms
V762BI,na_-_source_for_female_condoms
V762BJ,na_-_source_for_female_condoms
V762BK,na_-_source_for_female_condoms
V762BL,na_-_source_for_female_condoms
V762BM,na_-_source_for_female_condoms
V762BN,na_-_source_for_female_condoms
V762BO,na_-_source_for_female_condoms
V762BP,na_-_source_for_female_condoms
V762BQ,na_-_source_for_female_condoms
V762BR,na_-_source_for_female_condoms
V762BS,na_-_source_for_female_condoms
V762BT,na_-_source_for_female_condoms
V762BU,na_-_source_for_female_condoms
V762BV,na_-_source_for_female_condoms
V762BW,na_-_source_for_female_condoms
V762BX,na_-_source_for_female_condoms
V762BZ,na_-_don't_know_any_source_for
V763A,had_any_sti_in_last_12_months
V763B,had_genital_sore/ulcer_in_last
V763C,had_genital_discharge_in_last
V763D,na_-_had_cs_sti_in_last_12_mon
V763E,na_-_had_cs_sti_in_last_12_mon
V763F,na_-_had_cs_sti_in_last_12_mon
V763G,na_-_had_cs_sti_in_last_12_mon
V766A,"number_of_sex_partners,_exclud"
V766B,"number_of_sex_partners,_includ"
V767A,relationship_with_most_recent
V767B,relationship_with_2nd_to_most
V767C,na_-_relationship_with_3rd_to
V768A,na_-_length_of_time_knows_last
V768B,na_-_length_of_time_knows_othe
V768C,na_-_length_of_time_knows_othe
V769,can_get_a_condom
V769A,na_-_can_get_a_female_condom
V770,sought_advice/treatment_for_la
V770A,sought_sti_advice/treatment_fr
V770B,sought_sti_advice/treatment_fr
V770C,sought_sti_advice/treatment_fr
V770D,sought_sti_advice/treatment_fr
V770E,sought_sti_advice/treatment_fr
V770F,sought_sti_advice/treatment_fr
V770G,sought_sti_advice/treatment_fr
V770H,sought_sti_advice/treatment_fr
V770I,na_-_sought_sti_advice/treatme
V770J,sought_sti_advice/treatment_fr
V770K,sought_sti_advice/treatment_fr
V770L,sought_sti_advice/treatment_fr
V770M,sought_sti_advice/treatment_fr
V770N,sought_sti_advice/treatment_fr
V770O,sought_sti_advice/treatment_fr
V770P,sought_sti_advice/treatment_fr
V770Q,sought_sti_advice/treatment_fr
V770R,na_-_sought_sti_advice/treatme
V770S,sought_sti_advice/treatment_fr
V770T,sought_sti_advice/treatment_fr
V770U,sought_sti_advice/treatment_fr
V770V,sought_sti_advice/treatment_fr
V770W,na_-_sought_sti_advice/treatme
V770X,sought_sti_advice/treatment_fr
V774A,hiv_transmitted_during_pregnan
V774B,hiv_transmitted_during_deliver
V774C,hiv_transmitted_by_breastfeedi
V775,"na_-_knows_someone_who_has,_or"
V777,would_want_hiv_infection_in_fa
V777A,na_-_would_be_ashamed_if_someo
V778,willing_to_care_for_relative_w
V779,a_female_teacher_infected_with
V780,children_should_be_taught_abou
V781,ever_been_tested_for_hiv
V783,know_a_place_to_get_hiv_test
V784A,place_for_hiv_test:_government
V784B,place_for_hiv_test:_government
V784C,place_for_hiv_test:_stand-alon
V784D,place_for_hiv_test:_family_pla
V784E,place_for_hiv_test:_mobile_cli
V784F,place_for_hiv_test:_fieldworke
V784G,place_for_hiv_test:_school_bas
V784H,place_for_hiv_test:_other_publ
V784I,na_-_place_for_hiv_test:_cs_pu
V784J,na_-_place_for_hiv_test:_cs_pu
V784K,place_for_hiv_test:_private_ho
V784L,place_for_hiv_test:_stand-alon
V784M,place_for_hiv_test:_pharmacy
V784N,place_for_hiv_test:_mobile_cli
V784O,place_for_hiv_test:_fieldworke
V784P,place_for_hiv_test:_school_bas
V784Q,place_for_hiv_test:_other_priv
V784R,na_-_place_for_hiv_test:_cs_pr
V784S,na_-_place_for_hiv_test:_cs_pr
V784T,place_for_hiv_test:_home
V784U,place_for_hiv_test:_correction
V784V,place_for_hiv_test:_ngo_or_tru
V784X,place_for_hiv_test:_other
V785,heard_about_other_stis
V791A,na_-_last_12_months_had_sex_in
V820,condom_used_at_first_sex
V821A,most_recent_sex_partner_younge
V821B,2nd_to_most_recent_sex_partner
V821C,na_-_3rd_to_most_recent_sex_pa
V822,na_-_wife_justified_asking_hus
V823,na_-_can_get_hiv_by_witchcraft
V824,drugs_to_avoid_hiv_transmissio
V825,would_buy_vegetables_from_vend
V826,last_time_tested_for_hiv
V826A,months_ago_most_recent_hiv_tes
V827,na_-_last_hiv_test:_on_your_ow
V828,received_result_from_last_hiv
V829,place_where_last_hiv_test_was
V830,na_-_age_of_first_sex_partner
V831,na_-_first_sex_partner_younger
V832B,time_since_last_sex_with_2nd_t
V832C,na_-_time_since_last_sex_with
V833A,used_condom_every_time_had_sex
V833B,used_condom_every_time_had_sex
V833C,na_-_used_condom_every_time_ha
V834A,age_of_most_recent_partner
V834B,age_of_2nd_to_most_recent_part
V834C,na_-_age_of_3rd_to_most_recent
V835A,na_-_alcohol_consumption_at_la
V835B,na_-_alcohol_consumption_at_la
V835C,na_-_alcohol_consumption_at_la
V836,total_lifetime_number_of_sex_p
V837,heard_of_drugs_to_help_hiv_inf
V838A,during_antenatal_visit_talked
V838B,during_antenatal_visit_talked
V838C,during_antenatal_visit_talked
V839,offered_hiv_test_as_part_of_an
V839A,offered_hiv_test_between_the_t
V840,tested_for_hiv_as_part_of_ante
V840A,tested_for_hiv_between_the_tim
V841,got_results_of_hiv_test_as_par
V841A,got_results_of_hiv_test_when_t
V842,place_were_hiv_test_was_taken
V843,tested_for_hiv_since_antenatal
V844,na_-_knows_someone_denied_heal
V845,na_-_knows_someone_denied_soci
V846,na_-_knows_someone_verbally_ab
V847,na_-_people_with_hiv_should_be
V848,na_-_people_with_hiv_should_be
V849,na_-_children_12-14_should_be
V850A,na_-_respondent_can_refuse_sex
V850B,na_-_respondent_can_ask_partne
V851A,na_-_young_men_should_wait_for
V851B,na_-_most_young_men_wait_for_s
V851C,na_-_unmarried_sexually_active
V851D,na_-_most_unmarried_sexually_a
V851E,na_-_married_men_should_only_h
V851F,na_-_most_married_men_only_hav
V851G,na_-_young_women_should_wait_f
V851H,na_-_most_young_women_wait_for
V851I,na_-_unmarried_sexually_active
V851J,na_-_most_unmarried_sexually_a
V851K,na_-_married_women_should_only
V851L,na_-_most_married_women_only_h
V852A,how_long_ago_first_had_sex_wit
V852B,how_long_ago_first_had_sex_wit
V852C,na_-_how_long_ago_first_had_se
V853A,times_in_last_12_months_had_se
V853B,times_in_last_12_months_had_se
V853C,na_-_times_in_last_12_months_h
V854A,na_-_point_concurrent_sexual_p
V854B,na_-_cumulative_concurrent_sex
V855,received_counseling_after_test
V856,na_-_knowledge_and_use_of_hiv
V857A,na_-_children_with_hiv_should
V857B,na_-_people_hesitate_to_take_h
V857C,na_-_people_talk_badly_about_p
V857D,na_-_people_with_or_believed_t
V858,na_-_would_be_afraid_to_get_hi
V801,time_interview_started_(hhmm_-
V802,time_interview_ended_(hhmm_-_2
V803,length_of_interview_in_minutes
V804,number_of_visits
V805,interviewer_identification
V806,na_-_keyer_identification
V811,presence_of_children_<_10_for
V812,presence_of_husband_for_'wife
V813,presence_of_other_males_for_'w
V814,presence_of_other_females_for
V815A,presence_of_children_<_10_duri
V815B,presence_of_male_adults_during
V815C,presence_of_female_adults_duri
VCOL_1,calendar_column_number
VCOL_2,calendar_column_number
VCOL_6,calendar_column_number
VCOL_7,calendar_column_number
VCAL_1,calendar
VCAL_2,calendar
(VCAL_VS2),calendar_(column_2)_discontinu
VCAL_6,calendar
(VCAL_VS6),calendar(column_6)_ultrasound
VCAL_7,calendar
(VCAL_VS7),calendar(column_7)_birth_and_p
IDXML,index_to_birth_history
ML0,type_of_mosquito_bed_net(s)_ch
ML1,na_-_number_of_times_took_fans
ML2,na_-_source_of_antimalarial_du
ML11,na_-_child_has_fever/cough_now
ML12,na_-_child_has_had_convulsions
ML13A,fansidar_taken_for_fever
ML13B,chloroquine_taken_for_fever
ML13C,na_-_amodiaquine_taken_for_fev
ML13D,quinine_taken_for_fever
ML13DA,na_-_quinine_injection/iv_take
ML13E,combination_with_artemisinin_t
ML13AA,na_-_artesunate_rectal_taken_f
ML13AB,na_-_artesunate_injection/iv_t
ML13F,primaquine_taken_for_fever
ML13G,unknown_anti-malarial_taken_fo
ML13H,other_antimalarial_taken_for_f
ML13I,na_-_antibiotic_pill/syrup_tak
ML13J,na_-_antibiotic_injection_take
ML13K,aspirin_taken_for_fever
ML13L,acetaminophen/paracetamol/pana
ML13M,ibuprofen_taken_for_fever
ML13N,antibiotic_taken_for_fever
ML13O,na_-_cs_other_taken_for_fever
ML13P,na_-_cs_other_taken_for_fever
ML13X,other_taken_for_fever
ML13Y,nothing_taken_and_didn't_seek
ML13Z,don't_know_if_or_what_was_take
ML14A,na_-_injection_given_for_fever
ML14B,na_-_suppository_given_for_fev
ML14Y,na_-_no_suppository_or_injecti
ML14Z,na_-_don't_know_if_suppository
ML15A,timing_of_start_of_fansidar
ML15B,na_-_number_of_days_child_took
ML15C,na_-_first_source_for_fansidar
ML16A,timing_of_start_of_chloroquine
ML16B,na_-_number_of_days_child_took
ML16C,na_-_first_source_for_chloroqu
ML17A,na_-_timing_of_start_of_amodia
ML17B,na_-_number_of_days_child_took
ML17C,na_-_first_source_for_amodiaqu
ML18A,timing_of_start_of_quinine
ML18B,na_-_number_of_days_child_took
ML18C,na_-_first_source_for_quinine
ML19A,na_-_for_fever/convulsion:_con
ML19B,na_-_for_fever/convulsion:_gav
ML19C,na_-_for_fever/convulsion:_gav
ML19D,na_-_for_fever/convulsion:_cs
ML19E,na_-_for_fever/convulsion:_cs
ML19F,na_-_for_fever/convulsion:_cs
ML19X,na_-_for_fever/convulsion:_oth
ML19Y,na_-_for_fever/convulsion:_gav
ML19Z,na_-_for_fever/convulsion:_don
ML20A,timing_of_start_of_combination
ML20B,na_-_number_of_days_child_took
ML20C,na_-_first_source_for_combinat
ML21A,timing_of_start_of_primaquine
ML21B,na_-_number_of_days_child_took
ML21C,na_-_first_source_for_cs_antim
ML22A,timing_of_start_of_unknown_ani
ML22B,na_-_number_of_days_child_took
ML22C,na_-_first_source_for_cs_antim
ML23A,timing_of_start_of_other_anti-
ML23B,na_-_number_of_days_child_took
ML23C,na_-_first_source_for_other_an
ML24C,na_-_first_source_for_antibiot
ML25A,na_-_timing_of_start_of_artesu
D005,weight_for_domestic_violence_(
D101A,husband/partner_jealous_if_res
D101B,husband/partner_accuses_respon
D101C,husband/partner_does_not_permi
D101D,husband/partner_tries_to_limit
D101E,husband/partner_insists_on_kno
D101F,husband/partner_doesn't_trust
D101G,na_-_cs_control_issue
D101H,na_-_cs_control_issue
D101I,na_-_cs_control_issue
D101J,na_-_cs_control_issue
D102,number_of_control_issues_answe
D103A,ever_been_humiliated_by_husban
D103B,ever_been_threatened_with_harm
D103C,ever_been_insulted_or_made_to
D103D,na_-_ever_cs_emotional_abuse_b
D103E,na_-_ever_cs_emotional_abuse_b
D103F,na_-_ever_cs_emotional_abuse_b
D104,experienced_any_emotional_viol
D105A,"ever_been_pushed,_shook_or_had"
D105B,ever_been_slapped_by_husband/p
D105C,ever_been_punched_with_fist_or
D105D,ever_been_kicked_or_dragged_by
D105E,ever_been_strangled_or_burnt_b
D105F,ever_been_threatened_with_knif
D105G,na_-_ever_cs_physical_violence
D105H,ever_been_physically_forced_in
D105I,ever_been_forced_into_other_un
D105J,ever_had_arm_twisted_or_hair_p
D105K,ever_been_physically_forced_to
D105L,na_-_ever_cs_physical_violence
D105M,na_-_ever_cs_physical_violence
D105N,na_-_ever_cs_physical_violence
D106,experienced_any_less_severe_vi
D107,experienced_any_severe_violenc
D108,experienced_any_sexual_violenc
D109,timing_of_first_event_(from_d1
D110A,ever_had_bruises_because_of_hu
D110B,"ever_had_eye_injuries,_sprains"
D110C,na_-_ever_went_to_health_facil
D110D,"ever_had_wounds,_broken_bones,"
D110E,ever_had_severe_burns
D110F,na_-_cs_because_of_husband/par
D110G,na_-_cs_because_of_husband/par
D110H,na_-_cs_because_of_husband/par
D111,experienced_any_of_listed_husb
D112,respondent_ever_physically_hur
D112A,frequency_of_physically_hurtin
D113,husband/partner_drinks_alcohol
D114,frequency_of_husband/partner_b
D115B,mother:_person_who_has_ever_ph
D115C,father:_person_who_has_ever_ph
D115D,daughter/son:_person_who_has_e
D115E,na_-_son:_person_who_has_ever
D115F,sister/brother:_person_who_has
D115G,other_relative:_person_who_has
D115H,na_-_other_female_family:_pers
D115I,na_-_other_male_family:_person
D115J,na_-_former_partner:_person_wh
D115K,current_boyfriend:_person_who
D115L,former_boyfriend:_person_who_h
D115M,na_-_step-mother:_person_who_h
D115N,na_-_step-father:_person_who_h
D115O,mother-in-law:_person_who_has
D115P,father-in-law:_person_who_has
D115Q,other_in-law:_person_who_has_e
D115R,na_-_other_male_in-law:_person
D115S,na_-_female_friend:_person_who
D115T,na_-_male_friend:_person_who_h
D115U,na_-_neighbor:_person_who_has
D115V,teacher:_person_who_has_ever_p
D115W,employer:_person_who_has_ever
D115X,other:_person_who_has_ever_phy
D115Y,no_person_other_than_husband/p
D115XA,na_-_stranger:_person_who_has
D115XB,na_-_other_female_in-law/famil
D115XC,na_-_other_male_in-law/family:
D115XD,na_-_friend:_person_who_has_ev
D115XE,police:_person_who_has_ever_ph
D115XF,na_-_religious_leader:_person
D115XG,na_-_lawyer:_person_who_has_ev
D115XH,na_-_doctor:_person_who_has_ev
D115XI,na_-_cs:_person_who_has_ever_p
D115XJ,na_-_cs:_person_who_has_ever_p
D115XK,na_-_cs:_person_who_has_ever_p
D116,na_-_person_who_hurt_responden
D117A,frequency_of_being_hit_in_last
D118A,husband/partner:_person_who_hu
D118B,na_-_mother:_person_who_hurt_r
D118C,father/step-father:_person_who
D118D,na_-_daughter/son:_person_who
D118E,na_-_son_alone:_person_who_hur
D118F,sister/brother:_person_who_hur
D118G,other_relative:_person_who_hur
D118H,na_-_other_female_family:_pers
D118I,na_-_other_male_family:_person
D118J,former_husband/partner:_person
D118K,current_boyfriend:_person_who
D118L,na_-_former_boyfriend:_person
D118M,na_-_step-mother:_person_who_h
D118N,na_-_step-father:_person_who_h
D118O,na_-_mother-in-law:_person_who
D118P,na_-_father-in-law:_person_who
D118Q,other_in-law:_person_who_hurt
D118R,na_-_other_female/male_in-law:
D118S,na_-_female_friend:_person_who
D118T,na_-_male_friend:_person_who_h
D118U,na_-_neighbor:_person_who_hurt
D118V,teacher:_person_who_hurt_respo
D118W,employer:_person_who_hurt_resp
D118X,other:_person_who_hurt_respond
D118Y,respondent_was_not_hurt_by_any
D118XA,stranger:_person_who_hurt_resp
D118XB,na_-_other_female_in-law/famil
D118XC,na_-_other_male_in-law/family:
D118XD,friend:_person_who_hurt_respon
D118XE,police:_person_who_hurt_respon
D118XF,religious_leader:_person_who_h
D118XG,na_-_lawyer:_person_who_hurt_r
D118XH,na_-_doctor:_person_who_hurt_r
D118XI,family_friend:_person_who_hurt
D118XJ,na_-_cs:_person_who_hurt_respo
D118XK,na_-_cs:_person_who_hurt_respo
D119A,na_-_husband/partner:_person_r
D119B,na_-_mother:_person_respondent
D119C,na_-_father:_person_respondent
D119D,na_-_daughter:_person_responde
D119E,na_-_son:_person_respondent_we
D119F,na_-_sister:_person_respondent
D119G,na_-_brother:_person_responden
D119H,own_family:_person_respondent
D119I,husband/partner_family:_person
D119J,current/former_husband/partner
D119K,current/former_boyfriend:_pers
D119L,na_-_former_boyfriend_alone:_p
D119M,na_-_step-mother:_person_respo
D119N,na_-_step-father:_person_respo
D119O,na_-_mother-in-law:_person_res
D119P,na_-_father-in-law:_person_res
D119Q,na_-_other_female_in-law:_pers
D119R,na_-_other_male_in-law:_person
D119S,na_-_female_friend:_person_res
D119T,na_-_male_friend:_person_respo
D119U,neighbor:_person_respondent_we
D119V,na_-_teacher:_person_responden
D119W,na_-_employer:_person_responde
D119X,other:_person_respondent_went
D119Y,respondent_did_not_seek_help_f
D119XA,na_-_stranger:_person_responde
D119XB,social_service_organization:_p
D119XC,na_-_cs:_person_respondent_wen
D119XD,friend:_person_respondent_went
D119XE,police:_person_respondent_went
D119XF,religious_leader:_person_respo
D119XG,lawyer:_person_respondent_went
D119XH,doctor:_person_respondent_went
D119XI,na_-_cs:_person_respondent_wen
D119XJ,na_-_cs:_person_respondent_wen
D119XK,na_-_cs:_person_respondent_wen
D120,na_-_main_reason_never_sought
D121,respondent's_father_ever_beat
D122A,interview_interrupted:_husband
D122B,interview_interrupted:_other_a
D122C,interview_interrupted:_adult_f
D123,na_-_first_sex_was_wanted_or_f
D124,ever_forced_to_have_sex_by_any
D125,ever_forced_to_perform_unwante
D126,age_at_first_forced_sexual_act
D127,person_who_forced_respondent_i
D128,ever_told_anyone_else_about_vi
D129,respondent_afraid_of_husband/p
D130A,"previous_husband:_ever_hit,_sl"
D130B,previous_husband:_physically_f
D130C,"previous_husband:_humiliate,_t"
SSMOD,household_selected_for_the_sta
SDIST,district
SPHASE,survey_phase
SWEIGHT,sample_weight_(6_decimals)_(st
SDWEIGHT,domestic_violence_weight_(6_de
S113,usually_go_to_a_cinema_hall_or
S116,"belong_to_a_scheduled_caste,_a"
S234,"pregnancy_end_in_miscarriage,"
S235,months_pregnant_when_pregnancy
S236,ultrasound_at_any_time
S238,place_last_termination_perform
S239,person_performed_abortion
S240,what_method_was_used_for_the_a
S241,what_was_the_main_reason_for_t
S242,complication_from_abortion
S243,sought_treatment_for_the_compl
S244,place_when_for_treatment
S244A,where_did_you_go_for_treatment
S244B,where_did_you_go_for_treatment
S245A,reason_did_not_seek_treatment:
S245B,reason_did_not_seek_treatment:
S245C,reason_did_not_seek_treatment:
S245D,reason_did_not_seek_treatment:
S245E,reason_did_not_seek_treatment:
S245F,reason_did_not_seek_treatment:
S245G,reason_did_not_seek_treatment:
S245H,reason_did_not_seek_treatment:
S245X,reason_did_not_seek_treatment:
S253,had_your_uterus_removed
S254,years_ago_hysterectomy_perform
S255,place_hysterectomy_performed
S256A,reason_hysterectomy_performed:
S256B,reason_hysterectomy_performed:
S256C,reason_hysterectomy_performed:
S256D,reason_hysterectomy_performed:
S256E,reason_hysterectomy_performed:
S256F,reason_hysterectomy_performed:
S256G,reason_hysterectomy_performed:
S256X,reason_hysterectomy_performed:
S259,age_at_first_monthly_period
S260A,protection_to_prevent_bloodsta
S260B,protection_to_prevent_bloodsta
S260C,protection_to_prevent_bloodsta
S260D,protection_to_prevent_bloodsta
S260E,protection_to_prevent_bloodsta
S260F,protection_to_prevent_bloodsta
S260X,protection_to_prevent_bloodsta
S264,do_you_take_a_bath_during_your
S265,do_you_usually_take_a_bath_in
S301,currently_in_union
S303,time_period_not_living_with_hu
S308M,month_(first)_got_married
S308Y,year_(first)_got_married
S308C,cmc_(first)_got_married
S309,age_(first)_married
S310,related_to_current_husband_pri
S311,type_of_relationship_to_curren
S314C,age_at_first_union_(calculated
S315,ever_had_sexual_intercourse
S321A,have_used:_female_sterilizatio
S321B,have_used:_male_sterilization
S321C,have_used:_iud/ppiud
S321D,have_used:_injectables
S321E,have_used:_pill
S321F,have_used:_condom/nirodh
S321G,have_used:_female_condom
S321H,have_used:_emergency_contracep
S321I,have_used:_diaphragm
S321J,have_used:_foam/jelly
S321K,have_used:_standard_days_metho
S321L,have_used:_lactational_amenorr
S321M,have_used:_rhythm_method
S321N,have_used:_withdrawal
S321X,have_used:_other_modern_method
S321Y,have_used:_other_traditional_m
S323,times_used_emergency_contracep
S324A,place_acquired_emergency_contr
S324B,place_acquired_emergency_contr
S324C,place_acquired_emergency_contr
S324D,place_acquired_emergency_contr
S324E,place_acquired_emergency_contr
S324F,place_acquired_emergency_contr
S324G,place_acquired_emergency_contr
S324H,place_acquired_emergency_contr
S324I,place_acquired_emergency_contr
S324J,place_acquired_emergency_contr
S324K,place_acquired_emergency_contr
S324L,place_acquired_emergency_contr
S324M,place_acquired_emergency_contr
S324N,place_acquired_emergency_contr
S324O,place_acquired_emergency_contr
S324P,place_acquired_emergency_contr
S324Q,place_acquired_emergency_contr
S324R,place_acquired_emergency_contr
S324S,place_acquired_emergency_contr
S324T,place_acquired_emergency_contr
S324U,place_acquired_emergency_contr
S324V,place_acquired_emergency_contr
S324W,place_acquired_emergency_contr
S324X,place_acquired_emergency_contr
S324AA,place_acquired_emergency_contr
S324AB,place_acquired_emergency_contr
S324AC,place_acquired_emergency_contr
S324AD,place_acquired_emergency_contr
S324AE,place_acquired_emergency_contr
S324AF,place_acquired_emergency_contr
S324AG,place_acquired_emergency_contr
S324BA,place_acquired_emergency_contr
S324BB,place_acquired_emergency_contr
S324BC,place_acquired_emergency_contr
S324BD,place_acquired_emergency_contr
S324BE,place_acquired_emergency_contr
S324BF,place_acquired_emergency_contr
S324BG,place_acquired_emergency_contr
S329,currently_using_any_method
S334,rate_care_received_during_and
S335,total_paid_for_the_sterilizati
S336,receive_compensation_for_steri
S337,amount_of_compensation_receive
S338,regret_sterilization
S340,did_you_receive_incentive_for
S341,how_much_incentive_for_iud_did
S342,was_your_iud/ppiud_inserted_wi
S354A,last_source_of_fp_(public_ayus
S354B,last_source_of_fp_(private_ayu
S356,told_by_a_health_worker_about
S358W,source_of_fp_for_non-users:_sh
S358X,source_of_fp_for_non-users:_fr
S358AA,source_of_fp_for_non-users:_pu
S358AB,source_of_fp_for_non-users:_pu
S358AC,source_of_fp_for_non-users:_pu
S358AD,source_of_fp_for_non-users:_pu
S358AE,source_of_fp_for_non-users:_pu
S358AF,source_of_fp_for_non-users:_pu
S358AG,source_of_fp_for_non-users:_pu
S358BA,source_of_fp_for_non-users:_pr
S358BB,source_of_fp_for_non-users:_pr
S358BC,source_of_fp_for_non-users:_pr
S358BD,source_of_fp_for_non-users:_pr
S358BE,source_of_fp_for_non-users:_pr
S358BF,source_of_fp_for_non-users:_pr
S358BG,source_of_fp_for_non-users:_pr
S359,met_with_an_anm_or_lhv_in_last
S360A,times_met_with_anm_or_lhv_at_h
S360B,times_met_with_anm_or_lhv_at_a
S360C,times_met_with_anm_or_lhv_at_h
S360D,times_met_with_anm_or_lhv_else
S361,"met_with_an_anganwadi_worker,"
S362A,person_met:_anganwadi_worker
S362B,person_met:_asha
S362C,person_met:_mpw
S362X,person_met:_other
S363A,times_met_this_person_at_home
S363B,times_met_this_person_at_angan
S363C,times_met_this_person_at_healt
S363D,times_met_this_person_elsewher
S365A,services/matters_talked_about
S365B,services/matters_talked_about
S365C,services/matters_talked_about
S365D,services/matters_talked_about
S365E,services/matters_talked_about
S365F,services/matters_talked_about
S365G,services/matters_talked_about
S365H,services/matters_talked_about
S365I,services/matters_talked_about
S365J,services/matters_talked_about
S365K,services/matters_talked_about
S365L,services/matters_talked_about
S365M,services/matters_talked_about
S365N,services/matters_talked_about
S365O,services/matters_talked_about
S365P,services/matters_talked_about
S365Q,services/matters_talked_about
S365R,services/matters_talked_about
S365S,services/matters_talked_about
S365X,services/matters_talked_about
S366,person_met_during_most_recent
S368,visited_a_health_facility_or_c
S369,type_of_health_facility_or_cam
S369A,what_type_of_health_facility_d
S369B,what_type_of_health_facility_d
S370A,service_went_for:_family_plann
S370B,service_went_for:_immunization
S370C,service_went_for:_antenatal_ca
S370D,service_went_for:_delivery_car
S370E,service_went_for:_postnatal_ca
S370F,service_went_for:_disease_prev
S370G,service_went_for:_medical_trea
S370H,service_went_for:_treatment_fo
S370I,service_went_for:_treatment_fo
S370J,service_went_for:_growth_monit
S370K,service_went_for:_health_check
S370L,service_went_for:_medical_term
S370X,service_went_for:_other
S617D,heard_family_planning_on_wall
S617E,heard_family_planning_on_inter
S704,have_you_ever_had_a_blood_tran
S707,for_how_long_have_you_been_smo
S708,do_you_currently_smoke_bidis
S709,"in_the_last_24_hours,_how_many"
S710,for_how_long_have_you_been_smo
S711,currently_smokes_or_uses_tobac
S712E,khaini
S712F,paan_with_tobacco
S713,how_often_do_you_use_smokeless
S714,for_how_long_have_you_been_usi
S716,"during_the_past_12_months,_hav"
S717,"in_the_last_12_months,_have_yo"
S718,"during_any_of_these_visits,_we"
S719,"in_the_last_30_days,_did_someo"
S720,do_you_drink_alcohol
S721,how_often_do_you_drink_alcohol
S722A,type_of_alcohol_usually_consum
S722B,type_of_alcohol_usually_consum
S722C,type_of_alcohol_usually_consum
S722D,type_of_alcohol_usually_consum
S722E,type_of_alcohol_usually_consum
S722X,type_of_alcohol_usually_consum
S723,for_how_long_have_you_been_dri
S728A,currently_has_diabetes
S728AB,has_sought_treatment_for_diabe
S728B,currently_has_hypertension
S728BB,has_sought_treatment_for_hyper
S728C,currently_has_a_chronic_respir
S728CB,has_sought_treatment_for_a_chr
S728D,currently_has_thyroid_disorder
S728DB,has_sought_treatment_for_thyro
S728E,currently_has_heart_disease
S728EB,has_sought_treatment_for_heart
S728F,currently_has_cancer
S728FB,has_sought_treatment_for_cance
S728G,currently_has_chronic_kidney_d
S728GB,has_sought_treatment_for_chron
S731A,frequency_takes_milk_or_curd
S731B,frequency_eats_pulses_or_beans
S731C,frequency_eats_dark_green_leaf
S731D,frequency_eats_fruits
S731E,frequency_eats_eggs
S731F,frequency_eats_fish
S731G,frequency_eats_chicken_or_meat
S731H,frequency_eats_fried_food
S731I,frequency_takes_aerated_drinks
S821I,source_for_condoms:_public:_ca
S821J,source_for_condoms:_public:_an
S821K,source_for_condoms:_public:_as
S821L,source_for_condoms:_public:_ot
S821AA,source_for_condoms:_public:_ay
S821AB,source_for_condoms:_public:_ay
S821AC,source_for_condoms:_public:_ay
S821AD,source_for_condoms:_public:_ay
S821AE,source_for_condoms:_public:_ay
S821AF,source_for_condoms:_public:_ay
S821AG,source_for_condoms:_public:_ay
S821BA,source_for_condoms:_private:_a
S821BB,source_for_condoms:_private:_a
S821BC,source_for_condoms:_private:_a
S821BD,source_for_condoms:_private:_a
S821BE,source_for_condoms:_private:_a
S821BF,source_for_condoms:_private:_a
S821BG,source_for_condoms:_private:_a
S824,from_where_did_you_obtain_the
S824A,from_where_did_you_obtain_the
S824B,from_where_did_you_obtain_the
S909,"in_the_last_12_months,_has_you"
S910,"in_the_last_12_months,_has_you"
S920,"in_the_last_12_months,_have_yo"
S929,do_you_have_any_money_of_your
S930A,usually_allowed_to_go_to_the_m
S930B,usually_allowed_to_go_to_the_h
S930C,usually_allowed_to_go_to_place
S931,do_you_have_a_bank_or_savings
S932,do_you_have_any_mobile_phone_t
S933,do_you_use_your_mobile_phone_f
S934,have_you_ever_used_the_interne
S937,are_you_able_to_read_text_(sms
S940,do_you_know_of_any_programmes
S941,have_you_yourself_ever_taken_a
S943F,justifies_domestic_violence:_w
S943G,justifies_domestic_violence:_w
S944,if_a_wife_knows_her_husband_ha
S945,if_a_wife_knows_her_husband_ha
S947,can_you_say_no_to_your_husband
S1004A,source_of_information_about_ai
S1004B,source_of_information_about_ai
S1004C,source_of_information_about_ai
S1004D,source_of_information_about_ai
S1004E,source_of_information_about_ai
S1004F,source_of_information_about_ai
S1004G,source_of_information_about_ai
S1004H,source_of_information_about_ai
S1004I,source_of_information_about_ai
S1004J,source_of_information_about_ai
S1004K,source_of_information_about_ai
S1004L,source_of_information_about_ai
S1004M,source_of_information_about_ai
S1004N,source_of_information_about_ai
S1004O,source_of_information_about_ai
S1004P,source_of_information_about_ai
S1004X,source_of_information_about_ai
S1008,people_can_get_hiv/aids_from_b
S1009,people_can_get_hiv/aids_by_inj
S1011,anything_else_a_person_can_do
S1012A,ways_to_avoid_hiv/aids:_abstai
S1012B,ways_to_avoid_hiv/aids:_use_co
S1012C,ways_to_avoid_hiv/aids:_limit
S1012D,ways_to_avoid_hiv/aids:_limit
S1012E,ways_to_avoid_hiv/aids:_avoid
S1012F,ways_to_avoid_hiv/aids:_avoid
S1012G,ways_to_avoid_hiv/aids:_avoid
S1012H,ways_to_avoid_hiv/aids:_avoid
S1012I,ways_to_avoid_hiv/aids:_avoid
S1012J,ways_to_avoid_hiv/aids:_use_bl
S1012K,ways_to_avoid_hiv/aids:_avoid
S1012L,ways_to_avoid_hiv/aids:_use_on
S1012M,ways_to_avoid_hiv/aids:_avoid
S1012N,ways_to_avoid_hiv/aids:_avoid
S1012O,ways_to_avoid_hiv/aids:_avoid
S1012P,ways_to_avoid_hiv/aids:_avoid
S1012WX,ways_to_avoid_hiv/aids:_other
S1012Z,ways_to_avoid_hiv/aids:_don't
S1040,do_you_think_a_child_with_hiv
S1042,do_you_fear_that_you_could_get
S1046,do_you_think_that_people_livin
S1047,do_you_think_that_people_livin
S1056AA,sought_sti_advice/treatment_fr
S1056AB,sought_sti_advice/treatment_fr
S1056AC,sought_sti_advice/treatment_fr
S1056AD,sought_sti_advice/treatment_fr
S1056AE,sought_sti_advice/treatment_fr
S1056AF,sought_sti_advice/treatment_fr
S1056AG,sought_sti_advice/treatment_fr
S1056BA,sought_sti_advice/treatment_fr
S1056BB,sought_sti_advice/treatment_fr
S1056BC,sought_sti_advice/treatment_fr
S1056BD,sought_sti_advice/treatment_fr
S1056BE,sought_sti_advice/treatment_fr
S1056BF,sought_sti_advice/treatment_fr
S1056BG,sought_sti_advice/treatment_fr
S1136A,place_went_for_medical_help:_p
S1136B,place_went_for_medical_help:_p
S1136C,place_went_for_medical_help:_p
S1136D,place_went_for_medical_help:_p
S1136E,place_went_for_medical_help:_p
S1136F,place_went_for_medical_help:_p
S1136G,place_went_for_medical_help:_p
S1136H,place_went_for_medical_help:_p
S1136I,place_went_for_medical_help:_p
S1136J,place_went_for_medical_help:_p
S1136K,place_went_for_medical_help:_p
S1136L,place_went_for_medical_help:_p
S1136M,place_went_for_medical_help:_o
S1136N,place_went_for_medical_help:_n
S1136O,place_went_for_medical_help:_p
S1136P,place_went_for_medical_help:_p
S1136Q,place_went_for_medical_help:_p
S1136R,place_went_for_medical_help:_p
S1136S,place_went_for_medical_help:_p
S1136T,place_went_for_medical_help:_p
S1136U,place_went_for_medical_help:_p
S1136V,place_went_for_medical_help:_o
S1136X,place_went_for_medical_help:_o
S1136AA,place_went_for_medical_help:_p
S1136AB,place_went_for_medical_help:_p
S1136AC,place_went_for_medical_help:_p
S1136AD,place_went_for_medical_help:_p
S1136AE,place_went_for_medical_help:_p
S1136AF,place_went_for_medical_help:_p
S1136AG,place_went_for_medical_help:_p
S1136BA,place_went_for_medical_help:_p
S1136BB,place_went_for_medical_help:_p
S1136BC,place_went_for_medical_help:_p
S1136BD,place_went_for_medical_help:_p
S1136BE,place_went_for_medical_help:_p
S1136BF,place_went_for_medical_help:_p
S1136BG,place_went_for_medical_help:_p
SB14A,30_minutes_prior_to_bp_measure
SB14B,30_minutes_prior_to_bp_measure
SB14C,30_minutes_prior_to_bp_measure
SB14D,30_minutes_prior_to_bp_measure
SB15,arm_circumference
SB16,blood_pressure_monitor_cuff_si
SB17,time_of_first_bp_reading:_(hhm
SB18S,first_systolic_reading
SB18D,first_diastolic_reading
SB19,blood_pressure_ever_been_check
SB20,told_had_high_bp_on_two_or_mor
SB21,currently_taking_a_prescribed
SB24,time_of_second_bp_reading:_(hh
SB25S,second_systolic_reading
SB25D,second_diastolic_reading
SB28,time_of_third_bp_reading:_(hhm
SB29S,third_systolic_reading
SB29D,third_diastolic_reading
SB53,time_since_last_ate
SB54,"time_since_last_drank,_somethi"
SB55,blood_glucose_ever_been_checke
SB56,told_high_blood_glucose_on_two
SB57,currently_taking_a_prescribed
SB73,time_of_blood_glucose_reading:
SB74,glucose_level
SB79,ever_undergone_a_screening_tes
SB80,ever_undergone_a_breast_examin
SB81,ever_undergone_an_oral_cavity
S305,waist_curcumference
S306,hip_curcumference
S190S,wealth_index_within_state
S191S,wealth_index_factor_score_(5_d
S190US,wealth_index_within_state_-_ur
S191US,wealth_index_factor_score_(5_d
S190RS,wealth_index_within_state_-_ru
S191RS,wealth_index_factor_score_(5_d
SH29CA,person_03:_where_medical_treat
SCREFUSE,questionnaire_refusal_due_to_c
IDX92,index_to_birth_history
S220A,pregnancy_duration
S220B,ultrasound_test
IDX94,index_to_birth_history
S408,how_many_months_pregnant_were
S409,did_you_use_a_pregnancy_testin
S410,was_this_pregnancy_registered?
S411,how_many_months_pregnant_were
S412,with_whom_did_you_register?
S413,did_you_receive_a_mother_and_c
S414,received_antenatal_care_for_pr
S419E,abdomen_examined
S420A,told_about_pregnancy_complicat
S420B,told_about_pregnancy_complicat
S420C,told_about_pregnancy_complicat
S420D,told_about_pregnancy_complicat
S420E,told_about_pregnancy_complicat
S422,was_(name's)_father_present_du
S432,"during_this_pregnancy,_did_you"
S434,"during_this_pregnancy,_did_you"
S435,"during_this_pregnancy,_did_you"
S436,did_you_receive_any_supplement
S437,"during_this_pregnancy,_were_yo"
S438,during_the_last_three_months_o
S439,where_did_you_meet_this/these
S440A,did_you_receive_advice_on_the
S440B,did_you_receive_advice_on_the
S440C,did_you_receive_advice_on_the
S440D,did_you_receive_advice_on_the
S440E,did_you_receive_advice_on_the
S441,"during_delivery,_did_you_exper"
S442,"during_delivery,_did_you_exper"
S443,"during_delivery,_did_you_exper"
S449,transport_used_by_respondent_t
S450A,person_who_arranged_transport:
S450B,person_who_arranged_transport:
S450C,person_who_arranged_transport:
S450D,person_who_arranged_transport:
S450E,person_who_arranged_transport:
S450F,person_who_arranged_transport:
S450G,person_who_arranged_transport:
S450H,person_who_arranged_transport:
S450I,person_who_arranged_transport:
S450J,person_who_arranged_transport:
S450K,person_who_arranged_transport:
S450L,person_who_arranged_transport:
S450M,person_who_arranged_transport:
S450X,person_who_arranged_transport:
S451,respondent's_out-of-pocket_del
S452A,respondent's_out-of-pocket_del
S452B,respondent's_out-of-pocket_del
S452C,respondent's_out-of-pocket_del
S452D,respondent's_out-of-pocket_del
S454,total_respondent's_out-of-pock
S456A,manner_out_of_pocket_cost_met:
S456B,manner_out_of_pocket_cost_met:
S456C,manner_out_of_pocket_cost_met:
S456D,manner_out_of_pocket_cost_met:
S456E,manner_out_of_pocket_cost_met:
S456X,manner_out_of_pocket_cost_met:
S457,receive_financial_assistance_f
S458A,source_of_assistance:_janani_s
S458B,source_of_assistance:_other_go
S458X,source_of_assistance:_other
S459,number_of_days_after_delivery
S460,total_jsy_amount_received
S464,"immediately_after_the_birth,_c"
S465,was_child's_bare_skin_touching
S470,postnatal_check_on_baby_before
S471,how_long_after_delivery_did_th
S472,who_checked_on_baby's_health_a
S473,checkup_on_respondent_after_di
S474,how_long_after_delivery_did_th
S475,who_checked_on_respondent's_he
S476,where_did_this_first_check_tak
S477,checkup_on_baby_after_discharg
S478,how_long_after_delivery_did_th
S479,who_checked_on_baby's_health_a
S480,where_did_this_first_check_tak
S481,checkup_on_respondent_in_two_m
S483A,disposable_delivery_kit_used
S483B,baby_immediately_wiped_dry_and
S483C,clean_blade_used_to_cut_cord
S486,how_many_checkups_were_done_in
S493A,in_the_first_two_months_after
S493B,in_the_first_two_months_after
S494A,during_first_two_days_healthca
S494B,during_first_two_days_healthca
S494C,during_first_two_days_healthca
S494D,during_first_two_days_healthca
S494E,during_first_two_days_healthca
IDX95,index_to_birth_history
FLPV1,received_flpv_1
FLPV1D,flpv_1_day
FLPV1M,flpv_1_month
FLPV1Y,flpv_1_year
FLPV2,received_flpv_2
FLPV2D,flpv_2_day
FLPV2M,flpv_2_month
FLPV2Y,flpv_2_year
JE1,received_je_1
JE1D,je_1_day
JE1M,je_1_month
JE1Y,je_1_year
JE2,received_je_2
JE2D,je_2_day
JE2M,je_2_month
JE2Y,je_2_year
MCV1D,mcv_1_day
MCV1M,mcv_1_month
MCV1Y,mcv_1_year
MCV2D,mcv_2_day
MCV2M,mcv_2_month
MCV2Y,mcv_2_year
DPTB,dpt_1_booster
DPTBD,dpt_1_booster_day
DPTBM,dpt_1_booster_month
DPTBY,dpt_1_booster_year
S513S,number_of_mmr_vaccines
S513T,dpt1_booster_vaccination
S515,where_receive_most_of_his/her
S515A,where_receive_most_of_his/her
S515B,where_receive_most_of_his/her
IDX96,index_to_birth_history
S521K,diarrhea:_public_asha
S521AA,diarrhea:_public_ayush:_ayurve
S521AB,diarrhea:_public_ayush:_yoga_a
S521AC,diarrhea:_public_ayush:_unani
S521AD,diarrhea:_public_ayush:_siddha
S521AE,diarrhea:_public_ayush:_homeop
S521AF,diarrhea:_public_ayush:_sowa_r
S521AG,diarrhea:_public_ayush:_other
S521BA,diarrhea:_private_ayush:_ayurv
S521BB,diarrhea:_private_ayush:_yoga
S521BC,diarrhea:_private_ayush:_unani
S521BD,diarrhea:_private_ayush:_siddh
S521BE,diarrhea:_private_ayush:_homeo
S521BF,diarrhea:_private_ayush:_sowa
S521BG,diarrhea:_private_ayush:_other
S523A,first_advice_or_treatment_for
S523B,first_advice_or_treatment_for
S526A,micronutrient_powder
S526B,anttheraputic_foods
S526C,supplemental_foods
S539J,fever/cough:_public_anganwadi
S539K,fever/cough:_public_asha
S539AA,fever/cough:_public_ayush:_ayu
S539AB,fever/cough:_public_ayush:_yog
S539AC,fever/cough:_public_ayush:_una
S539AD,fever/cough:_public_ayush:_sid
S539AE,fever/cough:_public_ayush:_hom
S539AF,fever/cough:_public_ayush:_sow
S539AG,fever/cough:_public_ayush:_oth
S539BA,fever/cough:_private_ayush:_ay
S539BB,fever/cough:_private_ayush:_yo
S539BC,fever/cough:_private_ayush:_un
S539BD,fever/cough:_private_ayush:_si
S539BE,fever/cough:_private_ayush:_ho
S539BF,fever/cough:_private_ayush:_so
S539BG,fever/cough:_private_ayush:_ot
S541A,first_advice_or_treatment_for
S541B,first_advice_or_treatment_for
SCOL,column_number
SCAL,calendar
(SCAL_VS1),calendar(column_1)_birth_and_p
(SCAL_VS2),calendar(column_2)_ultrasound
(SCAL_VS3),calendar_(column_3)_discontinu
IDX98,index_to_birth_history
S558,"during_the_last_12__months,_ha"
S559,"in_the_last_12_months,_how_oft"
S560,"in_the_last_12_months,_how_oft"
S561,"in_the_last_12_months,_has_(na"
S562,"in_the_last_12_months,_how_oft"
S563,"in_the_last_12_months,_how_oft"
S564,"after_(name)_was_weighed,_did"
S565,when_you_were_pregnant_with_(n
S566A,did_you_receive_any_of_the_fol
S566B,did_you_receive_any_of_the_fol
S566C,did_you_receive_any_of_the_fol
S567,when_you_were_breastfeeding_ch
S568A,did_you_receive_any_of_the_fol
S568B,did_you_receive_any_of_the_fol
S568C,did_you_receive_any_of_the_fol
